{"cameraMode":{"drawMode":0,"name":"Shaded","section":"Shading Mode"},"sceneLighting":false,"audioPlay":false,"sceneViewState":{"showFog":true,"showMaterialUpdate":false,"showSkybox":false,"showFlares":true,"showImageEffects":true,"showParticleSystems":true,"showVisualEffectGraphs":true,"m_FxEnabled":true},"in2DMode":false,"pivot":{"x":0.00025960803031921387,"y":0.5489406585693359,"z":0.02000001072883606},"rotation":{"x":0.3417373299598694,"y":-0.004827029537409544,"z":0.0014086640439927579,"w":0.9399814009666443},"size":1.4068701267242432,"orthographic":false}