{"cameraMode":{"drawMode":0,"name":"Shaded","section":"Shading Mode"},"sceneLighting":true,"audioPlay":false,"sceneViewState":{"showFog":true,"showMaterialUpdate":false,"showSkybox":true,"showFlares":true,"showImageEffects":true,"showParticleSystems":true,"showVisualEffectGraphs":true,"m_FxEnabled":true},"in2DMode":false,"pivot":{"x":2.3466155529022219,"y":0.14243364334106446,"z":-14.84290599822998},"rotation":{"x":0.5011128783226013,"y":-0.49942606687545779,"z":0.5018660426139832,"w":0.49794909358024599},"size":15.021756172180176,"orthographic":false}