{"cameraMode":{"drawMode":0,"name":"Shaded","section":"Shading Mode"},"sceneLighting":true,"audioPlay":false,"sceneViewState":{"showFog":true,"showMaterialUpdate":false,"showSkybox":true,"showFlares":true,"showImageEffects":true,"showParticleSystems":true,"showVisualEffectGraphs":true,"m_FxEnabled":true},"in2DMode":false,"pivot":{"x":-0.20269879698753358,"y":-2.6444602012634279,"z":-3.1657052040100099},"rotation":{"x":0.6208658814430237,"y":0.0005735570448450744,"z":-0.0008593390230089426,"w":0.7841545343399048},"size":28.130844116210939,"orthographic":false}