{"cameraMode":{"drawMode":0,"name":"Shaded","section":"Shading Mode"},"sceneLighting":true,"audioPlay":false,"sceneViewState":{"showFog":true,"showMaterialUpdate":false,"showSkybox":true,"showFlares":true,"showImageEffects":true,"showParticleSystems":true,"showVisualEffectGraphs":true,"m_FxEnabled":true},"in2DMode":false,"pivot":{"x":1063.4429931640625,"y":472.67034912109377,"z":1059.890380859375},"rotation":{"x":-0.06775067746639252,"y":-0.01436893455684185,"z":0.0009758949745446444,"w":-0.9976040124893189},"size":1058.7252197265625,"orthographic":false}