{"cameraMode":{"drawMode":0,"name":"Shaded","section":"Shading Mode"},"sceneLighting":true,"audioPlay":false,"sceneViewState":{"showFog":true,"showMaterialUpdate":false,"showSkybox":true,"showFlares":true,"showImageEffects":true,"showParticleSystems":true,"showVisualEffectGraphs":true,"m_FxEnabled":true},"in2DMode":false,"pivot":{"x":-5.063472747802734,"y":2.3671040534973146,"z":52.69301223754883},"rotation":{"x":-0.24865016341209413,"y":-0.01346537470817566,"z":0.0034571222495287658,"w":-0.9685014486312866},"size":7.980207443237305,"orthographic":false}