{"cameraMode":{"drawMode":0,"name":"Shaded","section":"Shading Mode"},"sceneLighting":true,"audioPlay":false,"sceneViewState":{"showFog":true,"showMaterialUpdate":false,"showSkybox":true,"showFlares":true,"showImageEffects":true,"showParticleSystems":true,"showVisualEffectGraphs":true,"m_FxEnabled":true},"in2DMode":false,"pivot":{"x":-0.001666818279772997,"y":14.03531551361084,"z":238.03822326660157},"rotation":{"x":-0.21755459904670716,"y":0.003511054441332817,"z":-0.0007825926295481622,"w":-0.9760425686836243},"size":0.6983941793441773,"orthographic":false}