{"cameraMode":{"drawMode":0,"name":"Shaded","section":"Shading Mode"},"sceneLighting":true,"audioPlay":false,"sceneViewState":{"showFog":true,"showMaterialUpdate":false,"showSkybox":true,"showFlares":true,"showImageEffects":true,"showParticleSystems":true,"showVisualEffectGraphs":true,"m_FxEnabled":true},"in2DMode":false,"pivot":{"x":2.595792293548584,"y":-54.55299758911133,"z":-56.58560562133789},"rotation":{"x":-0.5398960113525391,"y":0.0005031912005506456,"z":-0.00032236246624961495,"w":-0.84173983335495},"size":49.209068298339847,"orthographic":false}