{"cameraMode":{"drawMode":0,"name":"Shaded","section":"Shading Mode"},"sceneLighting":true,"audioPlay":false,"sceneViewState":{"showFog":true,"showMaterialUpdate":false,"showSkybox":true,"showFlares":true,"showImageEffects":true,"showParticleSystems":true,"showVisualEffectGraphs":true,"m_FxEnabled":true},"in2DMode":false,"pivot":{"x":-20.809785842895509,"y":0.059087276458740237,"z":-80.58944702148438},"rotation":{"x":0.5011128783226013,"y":-0.49942606687545779,"z":0.5018660426139832,"w":0.49794909358024599},"size":72.36396026611328,"orthographic":false}