{"cameraMode":{"drawMode":0,"name":"Shaded","section":"Shading Mode"},"sceneLighting":true,"audioPlay":false,"sceneViewState":{"showFog":true,"showMaterialUpdate":false,"showSkybox":true,"showFlares":true,"showImageEffects":true,"showParticleSystems":true,"showVisualEffectGraphs":true,"m_FxEnabled":true},"in2DMode":false,"pivot":{"x":1.2583754062652588,"y":5.514143943786621,"z":60.00931167602539},"rotation":{"x":-0.6744560599327087,"y":-0.010263911448419094,"z":0.009376512840390206,"w":-0.7381944060325623},"size":2.3287553787231447,"orthographic":false}