{"cameraMode":{"drawMode":0,"name":"Shaded","section":"Shading Mode"},"sceneLighting":true,"audioPlay":false,"sceneViewState":{"showFog":true,"showMaterialUpdate":false,"showSkybox":true,"showFlares":true,"showImageEffects":true,"showParticleSystems":true,"showVisualEffectGraphs":true,"m_FxEnabled":true},"in2DMode":false,"pivot":{"x":45.23139190673828,"y":-58.889259338378909,"z":27.094558715820314},"rotation":{"x":0.3065109848976135,"y":0.08059431612491608,"z":-0.026714401319622995,"w":0.9482223391532898},"size":85.11756896972656,"orthographic":false}