{"cameraMode":{"drawMode":0,"name":"Shaded","section":"Shading Mode"},"sceneLighting":true,"audioPlay":false,"sceneViewState":{"showFog":true,"showMaterialUpdate":false,"showSkybox":true,"showFlares":true,"showImageEffects":true,"showParticleSystems":true,"showVisualEffectGraphs":true,"m_FxEnabled":true},"in2DMode":false,"pivot":{"x":15.54226303100586,"y":30.546594619750978,"z":-8.599248886108399},"rotation":{"x":0.3417373299598694,"y":-0.004827029537409544,"z":0.0014086640439927579,"w":0.9399814009666443},"size":5.182488918304443,"orthographic":false}