{"cameraMode":{"drawMode":0,"name":"Shaded","section":"Shading Mode"},"sceneLighting":true,"audioPlay":false,"sceneViewState":{"showFog":true,"showMaterialUpdate":false,"showSkybox":true,"showFlares":true,"showImageEffects":true,"showParticleSystems":true,"showVisualEffectGraphs":true,"m_FxEnabled":true},"in2DMode":false,"pivot":{"x":1.0946307182312012,"y":11.294315338134766,"z":-124.0419921875},"rotation":{"x":0.11792618036270142,"y":0.002385268919169903,"z":-0.0002640877210069448,"w":0.9930482506752014},"size":32.75563049316406,"orthographic":true}