{"cameraMode":{"drawMode":0,"name":"Shaded","section":"Shading Mode"},"sceneLighting":true,"audioPlay":false,"sceneViewState":{"showFog":true,"showMaterialUpdate":false,"showSkybox":true,"showFlares":true,"showImageEffects":true,"showParticleSystems":true,"showVisualEffectGraphs":true,"m_FxEnabled":true},"in2DMode":false,"pivot":{"x":-4.535651683807373,"y":-119.06101989746094,"z":158.7469024658203},"rotation":{"x":0.29623717069625857,"y":-0.0006880827131681144,"z":-0.000538282620254904,"w":0.9552844166755676},"size":133.775634765625,"orthographic":false}