{"cameraMode":{"drawMode":0,"name":"Shaded","section":"Shading Mode"},"sceneLighting":true,"audioPlay":false,"sceneViewState":{"showFog":true,"showMaterialUpdate":false,"showSkybox":true,"showFlares":true,"showImageEffects":true,"showParticleSystems":true,"showVisualEffectGraphs":true,"m_FxEnabled":true},"in2DMode":false,"pivot":{"x":-2.517163038253784,"y":14.650882720947266,"z":-94.03311920166016},"rotation":{"x":0.3417373299598694,"y":-0.004827029537409544,"z":0.0014086640439927579,"w":0.9399814009666443},"size":11.366632461547852,"orthographic":false}