{"cameraMode":{"drawMode":0,"name":"Shaded","section":"Shading Mode"},"sceneLighting":true,"audioPlay":false,"sceneViewState":{"showFog":true,"showMaterialUpdate":false,"showSkybox":true,"showFlares":true,"showImageEffects":true,"showParticleSystems":true,"showVisualEffectGraphs":true,"m_FxEnabled":true},"in2DMode":false,"pivot":{"x":0.9203081130981445,"y":8.431602478027344,"z":-89.07595825195313},"rotation":{"x":0.09978891909122467,"y":-0.0680067241191864,"z":-0.0068365479819476608,"w":-0.9926587343215942},"size":14.484831809997559,"orthographic":false}