{"cameraMode":{"drawMode":0,"name":"Shaded","section":"Shading Mode"},"sceneLighting":true,"audioPlay":false,"sceneViewState":{"showFog":true,"showMaterialUpdate":false,"showSkybox":true,"showFlares":true,"showImageEffects":true,"showParticleSystems":true,"showVisualEffectGraphs":true,"m_FxEnabled":true},"in2DMode":false,"pivot":{"x":955.064208984375,"y":762.44287109375,"z":1067.2657470703125},"rotation":{"x":0.0011906796135008336,"y":-0.0009025015169754624,"z":-0.000001062717501554289,"w":-1.0000026226043702},"size":1172.6763916015625,"orthographic":false}