{"cameraMode":{"drawMode":0,"name":"Shaded","section":"Shading Mode"},"sceneLighting":true,"audioPlay":false,"sceneViewState":{"showFog":true,"showMaterialUpdate":false,"showSkybox":true,"showFlares":true,"showImageEffects":true,"showParticleSystems":true,"showVisualEffectGraphs":true,"m_FxEnabled":true},"in2DMode":false,"pivot":{"x":-9.102312088012696,"y":0.6000000238418579,"z":-95.80804443359375},"rotation":{"x":0.29623717069625857,"y":-0.0006880827131681144,"z":-0.000538282620254904,"w":0.9552844166755676},"size":3.9928205013275148,"orthographic":false}