{"cameraMode":{"drawMode":0,"name":"Shaded","section":"Shading Mode"},"sceneLighting":true,"audioPlay":false,"sceneViewState":{"showFog":true,"showMaterialUpdate":false,"showSkybox":true,"showFlares":true,"showImageEffects":true,"showParticleSystems":true,"showVisualEffectGraphs":true,"m_FxEnabled":true},"in2DMode":false,"pivot":{"x":-5.374904632568359,"y":5.953974723815918,"z":54.175392150878909},"rotation":{"x":-0.6274791359901428,"y":-0.0007023539510555565,"z":0.0005667575751431286,"w":-0.7786365151405335},"size":7.155120849609375,"orthographic":false}