{"cameraMode":{"drawMode":0,"name":"Shaded","section":"Shading Mode"},"sceneLighting":false,"audioPlay":false,"sceneViewState":{"showFog":true,"showMaterialUpdate":false,"showSkybox":false,"showFlares":true,"showImageEffects":true,"showParticleSystems":true,"showVisualEffectGraphs":true,"m_FxEnabled":true},"in2DMode":false,"pivot":{"x":-0.0074923038482666019,"y":1.3856675624847413,"z":-0.9925001859664917},"rotation":{"x":0.3417373299598694,"y":-0.004827029537409544,"z":0.0014086640439927579,"w":0.9399814009666443},"size":3.1421988010406496,"orthographic":false}