{"cameraMode":{"drawMode":0,"name":"Shaded","section":"Shading Mode"},"sceneLighting":false,"audioPlay":false,"sceneViewState":{"showFog":true,"showMaterialUpdate":false,"showSkybox":false,"showFlares":true,"showImageEffects":true,"showParticleSystems":true,"showVisualEffectGraphs":true,"m_FxEnabled":true},"in2DMode":false,"pivot":{"x":-0.16124993562698365,"y":-3.26249098777771,"z":3.9099998474121095},"rotation":{"x":-0.6520628929138184,"y":0.004243300762027502,"z":-0.003650727914646268,"w":-0.7581540942192078},"size":2.3493075370788576,"orthographic":false}