{"cameraMode":{"drawMode":0,"name":"Shaded","section":"Shading Mode"},"sceneLighting":false,"audioPlay":false,"sceneViewState":{"showFog":true,"showMaterialUpdate":false,"showSkybox":false,"showFlares":true,"showImageEffects":true,"showParticleSystems":true,"showVisualEffectGraphs":true,"m_FxEnabled":true},"in2DMode":false,"pivot":{"x":0.41750001907348635,"y":-3.26249098777771,"z":3.9099998474121095},"rotation":{"x":-0.6744560599327087,"y":-0.010263911448419094,"z":0.009376512840390206,"w":-0.7381944060325623},"size":1.8654423952102662,"orthographic":false}